login_event_id,username,is_anomaly,anomaly_type
8026,user101,False,
8027,user101,False,
8028,user101,False,
8029,user101,False,
8030,user101,False,
8031,user101,False,
8032,user101,False,
8033,user101,False,
8034,user101,False,
8035,user101,False,
8036,user101,False,
8037,user101,False,
8038,user101,False,
8039,user101,False,
8040,user101,False,
8041,user101,False,
8042,user101,False,
8043,user101,False,
8044,user101,False,
8045,user101,False,
8046,user101,False,
8047,user101,False,
8048,user101,False,
8049,user101,False,
8050,user101,False,
8051,user101,False,
8052,user101,False,
8053,user101,False,
8054,user101,False,
8055,user101,False,
8056,user101,False,
8057,user101,False,
8058,user101,False,
8059,user101,False,
8060,user101,False,
8061,user101,False,
8062,user101,False,
8063,user101,False,
8064,user101,False,
8065,user101,False,
8066,user101,False,
8067,user101,False,
8068,user101,False,
8069,user101,False,
8070,user101,False,
8071,user101,False,
8072,user101,False,
8073,user101,False,
8074,user101,True,impossible_travel_geo
8075,user101,True,unusual_hour
8076,user101,True,unusual_location
8077,user101,True,unusual_location
8078,user101,True,unusual_device
8079,user101,True,unusual_device+unusual_location
8080,user101,True,unusual_hour+unusual_location
8081,user101,False,
8082,user101,True,rapid_fire
8083,user101,True,rapid_fire
8084,user102,False,
8085,user102,False,
8086,user102,False,
8087,user102,False,
8088,user102,False,
8089,user102,False,
8090,user102,False,
8091,user102,False,
8092,user102,False,
8093,user102,False,
8094,user102,False,
8095,user102,False,
8096,user102,False,
8097,user102,False,
8098,user102,False,
8099,user102,False,
8100,user102,False,
8101,user102,False,
8102,user102,False,
8103,user102,False,
8104,user102,False,
8105,user102,False,
8106,user102,False,
8107,user102,False,
8108,user102,False,
8109,user102,False,
8110,user102,False,
8111,user102,False,
8112,user102,False,
8113,user102,False,
8114,user102,False,
8115,user102,False,
8116,user102,False,
8117,user102,False,
8118,user102,False,
8119,user102,True,unusual_hour
8120,user102,True,unusual_hour
8121,user102,True,unusual_location
8122,user102,True,unusual_device
8123,user102,True,unusual_device
8124,user102,True,unusual_device+unusual_hour
8125,user102,True,unusual_hour+unusual_location
8126,user103,False,
8127,user103,False,
8128,user103,False,
8129,user103,False,
8130,user103,False,
8131,user103,False,
8132,user103,False,
8133,user103,False,
8134,user103,False,
8135,user103,False,
8136,user103,False,
8137,user103,False,
8138,user103,False,
8139,user103,False,
8140,user103,False,
8141,user103,False,
8142,user103,False,
8143,user103,False,
8144,user103,False,
8145,user103,False,
8146,user103,False,
8147,user103,False,
8148,user103,False,
8149,user103,True,dormant_reactivation
8150,user103,True,unusual_hour
8151,user103,True,unusual_hour
8152,user103,True,unusual_location
8153,user103,True,unusual_device
8154,user103,True,unusual_device
8155,user103,True,unusual_device+unusual_location
8156,user103,False,
8157,user103,True,rapid_fire
8158,user103,True,rapid_fire
8159,user103,True,rapid_fire
8160,user104,False,
8161,user104,False,
8162,user104,False,
8163,user104,False,
8164,user104,False,
8165,user104,False,
8166,user104,False,
8167,user104,False,
8168,user104,False,
8169,user104,False,
8170,user104,False,
8171,user104,False,
8172,user104,False,
8173,user104,False,
8174,user104,False,
8175,user104,False,
8176,user104,False,
8177,user104,False,
8178,user104,False,
8179,user104,False,
8180,user104,False,
8181,user104,False,
8182,user104,False,
8183,user104,False,
8184,user104,False,
8185,user104,False,
8186,user104,False,
8187,user104,False,
8188,user104,False,
8189,user104,False,
8190,user104,False,
8191,user104,False,
8192,user104,False,
8193,user104,False,
8194,user104,False,
8195,user104,False,
8196,user104,False,
8197,user104,False,
8198,user104,False,
8199,user104,False,
8200,user104,False,
8201,user104,False,
8202,user104,False,
8203,user104,False,
8204,user104,False,
8205,user104,False,
8206,user104,False,
8207,user104,False,
8208,user104,True,unusual_hour
8209,user104,True,unusual_hour
8210,user104,True,unusual_location
8211,user104,True,unusual_device
8212,user104,True,unusual_device
8213,user104,True,unusual_hour+unusual_location
8214,user105,False,
8215,user105,False,
8216,user105,False,
8217,user105,False,
8218,user105,False,
8219,user105,False,
8220,user105,False,
8221,user105,False,
8222,user105,False,
8223,user105,False,
8224,user105,False,
8225,user105,False,
8226,user105,False,
8227,user105,False,
8228,user105,False,
8229,user105,False,
8230,user105,False,
8231,user105,False,
8232,user105,False,
8233,user105,False,
8234,user105,False,
8235,user105,False,
8236,user105,False,
8237,user105,False,
8238,user105,False,
8239,user105,False,
8240,user105,False,
8241,user105,False,
8242,user105,False,
8243,user105,False,
8244,user105,False,
8245,user105,False,
8246,user105,False,
8247,user105,False,
8248,user105,False,
8249,user105,False,
8250,user105,False,
8251,user105,False,
8252,user105,False,
8253,user105,False,
8254,user105,False,
8255,user105,False,
8256,user105,False,
8257,user105,True,impossible_travel_geo
8258,user105,True,unusual_hour
8259,user105,True,unusual_location
8260,user105,True,unusual_device
8261,user105,True,unusual_hour+unusual_location
8262,user105,True,unusual_hour+unusual_location
8263,user105,False,
8264,user105,True,rapid_fire
8265,user105,True,rapid_fire
8266,user106,False,
8267,user106,False,
8268,user106,False,
8269,user106,False,
8270,user106,False,
8271,user106,False,
8272,user106,False,
8273,user106,False,
8274,user106,False,
8275,user106,False,
8276,user106,False,
8277,user106,False,
8278,user106,False,
8279,user106,False,
8280,user106,False,
8281,user106,False,
8282,user106,False,
8283,user106,False,
8284,user106,False,
8285,user106,False,
8286,user106,False,
8287,user106,False,
8288,user106,False,
8289,user106,False,
8290,user106,False,
8291,user106,False,
8292,user106,False,
8293,user106,False,
8294,user106,False,
8295,user106,False,
8296,user106,False,
8297,user106,False,
8298,user106,False,
8299,user106,False,
8300,user106,False,
8301,user106,False,
8302,user106,False,
8303,user106,False,
8304,user106,False,
8305,user106,False,
8306,user106,False,
8307,user106,False,
8308,user106,False,
8309,user106,False,
8310,user106,False,
8311,user106,False,
8312,user106,False,
8313,user106,False,
8314,user106,False,
8315,user106,True,unusual_hour
8316,user106,True,unusual_location
8317,user106,True,unusual_location
8318,user106,True,unusual_device
8319,user106,True,unusual_device+unusual_hour
8320,user107,False,
8321,user107,False,
8322,user107,False,
8323,user107,False,
8324,user107,False,
8325,user107,False,
8326,user107,False,
8327,user107,False,
8328,user107,False,
8329,user107,False,
8330,user107,False,
8331,user107,False,
8332,user107,False,
8333,user107,False,
8334,user107,False,
8335,user107,False,
8336,user107,False,
8337,user107,False,
8338,user107,False,
8339,user107,False,
8340,user107,False,
8341,user107,False,
8342,user107,False,
8343,user107,False,
8344,user107,False,
8345,user107,False,
8346,user107,False,
8347,user107,False,
8348,user107,False,
8349,user107,False,
8350,user107,False,
8351,user107,False,
8352,user107,False,
8353,user107,False,
8354,user107,False,
8355,user107,False,
8356,user107,False,
8357,user107,False,
8358,user107,False,
8359,user107,False,
8360,user107,False,
8361,user107,False,
8362,user107,False,
8363,user107,False,
8364,user107,False,
8365,user107,False,
8366,user107,False,
8367,user107,False,
8368,user107,False,
8369,user107,False,
8370,user107,False,
8371,user107,True,unusual_hour
8372,user107,True,unusual_location
8373,user107,True,unusual_location
8374,user107,True,unusual_device
8375,user107,True,unusual_device
8376,user107,True,unusual_device+unusual_hour
8377,user108,False,
8378,user108,False,
8379,user108,False,
8380,user108,False,
8381,user108,False,
8382,user108,False,
8383,user108,False,
8384,user108,False,
8385,user108,False,
8386,user108,False,
8387,user108,False,
8388,user108,False,
8389,user108,False,
8390,user108,False,
8391,user108,False,
8392,user108,False,
8393,user108,False,
8394,user108,False,
8395,user108,False,
8396,user108,False,
8397,user108,False,
8398,user108,False,
8399,user108,False,
8400,user108,False,
8401,user108,False,
8402,user108,False,
8403,user108,False,
8404,user108,False,
8405,user108,False,
8406,user108,False,
8407,user108,False,
8408,user108,False,
8409,user108,False,
8410,user108,False,
8411,user108,False,
8412,user108,False,
8413,user108,False,
8414,user108,False,
8415,user108,False,
8416,user108,False,
8417,user108,False,
8418,user108,False,
8419,user108,False,
8420,user108,False,
8421,user108,True,unusual_hour
8422,user108,True,unusual_hour
8423,user108,True,unusual_location
8424,user108,True,unusual_device
8425,user108,True,unusual_device+unusual_hour
8426,user108,True,unusual_hour+unusual_location
8427,user108,False,
8428,user108,True,rapid_fire
8429,user108,True,rapid_fire
8430,user109,False,
8431,user109,False,
8432,user109,False,
8433,user109,False,
8434,user109,False,
8435,user109,False,
8436,user109,False,
8437,user109,False,
8438,user109,False,
8439,user109,False,
8440,user109,False,
8441,user109,False,
8442,user109,False,
8443,user109,False,
8444,user109,False,
8445,user109,False,
8446,user109,False,
8447,user109,False,
8448,user109,False,
8449,user109,False,
8450,user109,False,
8451,user109,False,
8452,user109,False,
8453,user109,False,
8454,user109,False,
8455,user109,False,
8456,user109,False,
8457,user109,False,
8458,user109,False,
8459,user109,False,
8460,user109,False,
8461,user109,False,
8462,user109,False,
8463,user109,False,
8464,user109,False,
8465,user109,False,
8466,user109,False,
8467,user109,False,
8468,user109,False,
8469,user109,False,
8470,user109,False,
8471,user109,False,
8472,user109,False,
8473,user109,False,
8474,user109,False,
8475,user109,False,
8476,user109,False,
8477,user109,False,
8478,user109,False,
8479,user109,False,
8480,user109,False,
8481,user109,False,
8482,user109,False,
8483,user109,True,impossible_travel_geo
8484,user109,True,unusual_hour
8485,user109,True,unusual_location
8486,user109,True,unusual_device
8487,user109,True,unusual_device
8488,user109,True,unusual_device+unusual_location
8489,user109,False,
8490,user109,True,rapid_fire
8491,user109,True,rapid_fire
8492,user109,True,rapid_fire
8493,user110,False,
8494,user110,False,
8495,user110,False,
8496,user110,False,
8497,user110,False,
8498,user110,False,
8499,user110,False,
8500,user110,False,
8501,user110,False,
8502,user110,False,
8503,user110,False,
8504,user110,False,
8505,user110,False,
8506,user110,False,
8507,user110,False,
8508,user110,False,
8509,user110,False,
8510,user110,False,
8511,user110,False,
8512,user110,False,
8513,user110,False,
8514,user110,False,
8515,user110,False,
8516,user110,False,
8517,user110,False,
8518,user110,False,
8519,user110,False,
8520,user110,False,
8521,user110,False,
8522,user110,False,
8523,user110,False,
8524,user110,False,
8525,user110,False,
8526,user110,False,
8527,user110,False,
8528,user110,False,
8529,user110,False,
8530,user110,False,
8531,user110,False,
8532,user110,False,
8533,user110,False,
8534,user110,False,
8535,user110,False,
8536,user110,False,
8537,user110,False,
8538,user110,False,
8539,user110,False,
8540,user110,False,
8541,user110,False,
8542,user110,False,
8543,user110,False,
8544,user110,False,
8545,user110,False,
8546,user110,False,
8547,user110,False,
8548,user110,True,unusual_hour
8549,user110,True,unusual_hour
8550,user110,True,unusual_location
8551,user110,True,unusual_location
8552,user110,True,unusual_device
8553,user110,True,unusual_device
8554,user110,True,unusual_device+unusual_location
8555,user111,False,
8556,user111,False,
8557,user111,False,
8558,user111,False,
8559,user111,False,
8560,user111,False,
8561,user111,False,
8562,user111,False,
8563,user111,False,
8564,user111,False,
8565,user111,False,
8566,user111,False,
8567,user111,False,
8568,user111,False,
8569,user111,False,
8570,user111,False,
8571,user111,False,
8572,user111,False,
8573,user111,False,
8574,user111,False,
8575,user111,False,
8576,user111,False,
8577,user111,False,
8578,user111,False,
8579,user111,False,
8580,user111,False,
8581,user111,False,
8582,user111,False,
8583,user111,False,
8584,user111,False,
8585,user111,False,
8586,user111,False,
8587,user111,False,
8588,user111,False,
8589,user111,False,
8590,user111,True,unusual_hour
8591,user111,True,unusual_hour
8592,user111,True,unusual_location
8593,user111,True,unusual_location
8594,user111,True,unusual_device
8595,user111,True,unusual_device
8596,user111,True,unusual_device+unusual_location
8597,user111,False,
8598,user111,True,rapid_fire
8599,user111,True,rapid_fire
8600,user111,True,rapid_fire
8601,user112,False,
8602,user112,False,
8603,user112,False,
8604,user112,False,
8605,user112,False,
8606,user112,False,
8607,user112,False,
8608,user112,False,
8609,user112,False,
8610,user112,False,
8611,user112,False,
8612,user112,False,
8613,user112,False,
8614,user112,False,
8615,user112,False,
8616,user112,False,
8617,user112,False,
8618,user112,False,
8619,user112,False,
8620,user112,False,
8621,user112,False,
8622,user112,False,
8623,user112,False,
8624,user112,False,
8625,user112,False,
8626,user112,False,
8627,user112,False,
8628,user112,False,
8629,user112,False,
8630,user112,False,
8631,user112,False,
8632,user112,False,
8633,user112,False,
8634,user112,False,
8635,user112,False,
8636,user112,False,
8637,user112,False,
8638,user112,False,
8639,user112,True,unusual_hour
8640,user112,True,unusual_location
8641,user112,True,unusual_device
8642,user112,True,unusual_device+unusual_location
8643,user112,True,unusual_device+unusual_hour
8644,user113,False,
8645,user113,False,
8646,user113,False,
8647,user113,False,
8648,user113,False,
8649,user113,False,
8650,user113,False,
8651,user113,False,
8652,user113,False,
8653,user113,False,
8654,user113,False,
8655,user113,False,
8656,user113,False,
8657,user113,False,
8658,user113,False,
8659,user113,False,
8660,user113,False,
8661,user113,False,
8662,user113,False,
8663,user113,False,
8664,user113,False,
8665,user113,False,
8666,user113,False,
8667,user113,False,
8668,user113,False,
8669,user113,False,
8670,user113,False,
8671,user113,False,
8672,user113,False,
8673,user113,False,
8674,user113,False,
8675,user113,False,
8676,user113,False,
8677,user113,False,
8678,user113,False,
8679,user113,False,
8680,user113,False,
8681,user113,False,
8682,user113,False,
8683,user113,False,
8684,user113,False,
8685,user113,False,
8686,user113,True,impossible_travel_geo
8687,user113,True,unusual_hour
8688,user113,True,unusual_hour
8689,user113,True,unusual_location
8690,user113,True,unusual_device
8691,user113,True,unusual_device
8692,user113,True,unusual_device+unusual_location
8693,user113,False,
8694,user113,True,rapid_fire
8695,user113,True,rapid_fire
8696,user114,False,
8697,user114,False,
8698,user114,False,
8699,user114,False,
8700,user114,False,
8701,user114,False,
8702,user114,False,
8703,user114,False,
8704,user114,False,
8705,user114,False,
8706,user114,False,
8707,user114,False,
8708,user114,False,
8709,user114,False,
8710,user114,False,
8711,user114,False,
8712,user114,False,
8713,user114,False,
8714,user114,False,
8715,user114,False,
8716,user114,False,
8717,user114,False,
8718,user114,False,
8719,user114,False,
8720,user114,False,
8721,user114,False,
8722,user114,False,
8723,user114,False,
8724,user114,False,
8725,user114,False,
8726,user114,False,
8727,user114,False,
8728,user114,False,
8729,user114,False,
8730,user114,False,
8731,user114,False,
8732,user114,False,
8733,user114,False,
8734,user114,False,
8735,user114,False,
8736,user114,False,
8737,user114,False,
8738,user114,False,
8739,user114,False,
8740,user114,False,
8741,user114,False,
8742,user114,True,impossible_travel_geo
8743,user114,True,unusual_hour
8744,user114,True,unusual_location
8745,user114,True,unusual_location
8746,user114,True,unusual_device
8747,user114,True,unusual_device+unusual_location
8748,user114,True,unusual_hour+unusual_location
8749,user114,False,
8750,user114,True,rapid_fire
8751,user114,True,rapid_fire
8752,user114,True,rapid_fire
8753,user115,False,
8754,user115,False,
8755,user115,False,
8756,user115,False,
8757,user115,False,
8758,user115,False,
8759,user115,False,
8760,user115,False,
8761,user115,False,
8762,user115,False,
8763,user115,False,
8764,user115,False,
8765,user115,False,
8766,user115,False,
8767,user115,False,
8768,user115,False,
8769,user115,False,
8770,user115,False,
8771,user115,False,
8772,user115,False,
8773,user115,False,
8774,user115,False,
8775,user115,False,
8776,user115,False,
8777,user115,False,
8778,user115,False,
8779,user115,False,
8780,user115,False,
8781,user115,False,
8782,user115,False,
8783,user115,True,dormant_reactivation
8784,user115,True,unusual_hour
8785,user115,True,unusual_hour
8786,user115,True,unusual_location
8787,user115,True,unusual_location
8788,user115,True,unusual_device
8789,user115,True,unusual_device
8790,user115,True,unusual_device+unusual_location
8791,user116,False,
8792,user116,False,
8793,user116,False,
8794,user116,False,
8795,user116,False,
8796,user116,False,
8797,user116,False,
8798,user116,False,
8799,user116,False,
8800,user116,False,
8801,user116,False,
8802,user116,False,
8803,user116,False,
8804,user116,False,
8805,user116,False,
8806,user116,False,
8807,user116,False,
8808,user116,False,
8809,user116,False,
8810,user116,False,
8811,user116,False,
8812,user116,False,
8813,user116,False,
8814,user116,False,
8815,user116,False,
8816,user116,False,
8817,user116,False,
8818,user116,False,
8819,user116,False,
8820,user116,False,
8821,user116,False,
8822,user116,False,
8823,user116,False,
8824,user116,False,
8825,user116,False,
8826,user116,False,
8827,user116,False,
8828,user116,False,
8829,user116,False,
8830,user116,False,
8831,user116,False,
8832,user116,False,
8833,user116,False,
8834,user116,False,
8835,user116,False,
8836,user116,False,
8837,user116,False,
8838,user116,False,
8839,user116,False,
8840,user116,False,
8841,user116,False,
8842,user116,False,
8843,user116,False,
8844,user116,False,
8845,user116,True,impossible_travel_geo
8846,user116,True,unusual_hour
8847,user116,True,unusual_hour
8848,user116,True,unusual_location
8849,user116,True,unusual_device
8850,user116,True,unusual_device
8851,user116,True,unusual_hour+unusual_location
8852,user116,False,
8853,user116,True,rapid_fire
8854,user116,True,rapid_fire
8855,user116,True,rapid_fire
8856,user117,False,
8857,user117,False,
8858,user117,False,
8859,user117,False,
8860,user117,False,
8861,user117,False,
8862,user117,False,
8863,user117,False,
8864,user117,False,
8865,user117,False,
8866,user117,False,
8867,user117,False,
8868,user117,False,
8869,user117,False,
8870,user117,False,
8871,user117,False,
8872,user117,False,
8873,user117,False,
8874,user117,False,
8875,user117,False,
8876,user117,False,
8877,user117,False,
8878,user117,False,
8879,user117,False,
8880,user117,False,
8881,user117,False,
8882,user117,False,
8883,user117,False,
8884,user117,False,
8885,user117,False,
8886,user117,False,
8887,user117,False,
8888,user117,False,
8889,user117,False,
8890,user117,True,unusual_hour
8891,user117,True,unusual_hour
8892,user117,True,unusual_location
8893,user117,True,unusual_device
8894,user117,True,unusual_device
8895,user117,True,unusual_device+unusual_location
8896,user117,True,unusual_hour+unusual_location
8897,user118,False,
8898,user118,False,
8899,user118,False,
8900,user118,False,
8901,user118,False,
8902,user118,False,
8903,user118,False,
8904,user118,False,
8905,user118,False,
8906,user118,False,
8907,user118,False,
8908,user118,False,
8909,user118,False,
8910,user118,False,
8911,user118,False,
8912,user118,False,
8913,user118,False,
8914,user118,False,
8915,user118,False,
8916,user118,False,
8917,user118,False,
8918,user118,False,
8919,user118,False,
8920,user118,False,
8921,user118,False,
8922,user118,False,
8923,user118,False,
8924,user118,False,
8925,user118,False,
8926,user118,False,
8927,user118,False,
8928,user118,False,
8929,user118,False,
8930,user118,False,
8931,user118,False,
8932,user118,False,
8933,user118,False,
8934,user118,False,
8935,user118,False,
8936,user118,False,
8937,user118,True,impossible_travel_geo
8938,user118,True,unusual_hour
8939,user118,True,unusual_hour
8940,user118,True,unusual_location
8941,user118,True,unusual_location
8942,user118,True,unusual_device
8943,user118,True,unusual_device+unusual_location
8944,user118,True,unusual_hour+unusual_location
8945,user119,False,
8946,user119,False,
8947,user119,False,
8948,user119,False,
8949,user119,False,
8950,user119,False,
8951,user119,False,
8952,user119,False,
8953,user119,False,
8954,user119,False,
8955,user119,False,
8956,user119,False,
8957,user119,False,
8958,user119,False,
8959,user119,False,
8960,user119,False,
8961,user119,False,
8962,user119,False,
8963,user119,False,
8964,user119,False,
8965,user119,False,
8966,user119,False,
8967,user119,False,
8968,user119,False,
8969,user119,False,
8970,user119,False,
8971,user119,False,
8972,user119,False,
8973,user119,False,
8974,user119,True,dormant_reactivation
8975,user119,False,
8976,user119,True,impossible_travel_geo
8977,user119,True,unusual_hour
8978,user119,True,unusual_location
8979,user119,True,unusual_device
8980,user119,True,unusual_device
8981,user119,True,unusual_hour+unusual_location
8982,user120,False,
8983,user120,False,
8984,user120,False,
8985,user120,False,
8986,user120,False,
8987,user120,False,
8988,user120,False,
8989,user120,False,
8990,user120,False,
8991,user120,False,
8992,user120,False,
8993,user120,False,
8994,user120,False,
8995,user120,False,
8996,user120,False,
8997,user120,False,
8998,user120,False,
8999,user120,False,
9000,user120,False,
9001,user120,False,
9002,user120,False,
9003,user120,False,
9004,user120,False,
9005,user120,False,
9006,user120,False,
9007,user120,False,
9008,user120,False,
9009,user120,False,
9010,user120,False,
9011,user120,False,
9012,user120,False,
9013,user120,False,
9014,user120,False,
9015,user120,True,dormant_reactivation
9016,user120,False,
9017,user120,True,impossible_travel_geo
9018,user120,True,unusual_hour
9019,user120,True,unusual_location
9020,user120,True,unusual_device
9021,user120,True,unusual_device+unusual_location
9022,user120,False,
9023,user120,True,rapid_fire
9024,user120,True,rapid_fire
9025,user120,True,rapid_fire
9026,user121,False,
9027,user121,False,
9028,user121,False,
9029,user121,False,
9030,user121,False,
9031,user121,False,
9032,user121,False,
9033,user121,False,
9034,user121,False,
9035,user121,False,
9036,user121,False,
9037,user121,False,
9038,user121,False,
9039,user121,False,
9040,user121,False,
9041,user121,False,
9042,user121,False,
9043,user121,False,
9044,user121,False,
9045,user121,False,
9046,user121,False,
9047,user121,False,
9048,user121,False,
9049,user121,False,
9050,user121,False,
9051,user121,False,
9052,user121,False,
9053,user121,False,
9054,user121,False,
9055,user121,False,
9056,user121,False,
9057,user121,False,
9058,user121,True,dormant_reactivation
9059,user121,True,unusual_hour
9060,user121,True,unusual_location
9061,user121,True,unusual_device
9062,user121,True,unusual_device+unusual_location
9063,user121,True,unusual_device+unusual_hour
9064,user122,False,
9065,user122,False,
9066,user122,False,
9067,user122,False,
9068,user122,False,
9069,user122,False,
9070,user122,False,
9071,user122,False,
9072,user122,False,
9073,user122,False,
9074,user122,False,
9075,user122,False,
9076,user122,False,
9077,user122,False,
9078,user122,False,
9079,user122,False,
9080,user122,False,
9081,user122,False,
9082,user122,False,
9083,user122,False,
9084,user122,False,
9085,user122,False,
9086,user122,False,
9087,user122,False,
9088,user122,False,
9089,user122,False,
9090,user122,False,
9091,user122,True,dormant_reactivation
9092,user122,False,
9093,user122,True,impossible_travel_geo
9094,user122,True,unusual_hour
9095,user122,True,unusual_location
9096,user122,True,unusual_location
9097,user122,True,unusual_device
9098,user122,True,unusual_device+unusual_hour
9099,user122,False,
9100,user122,True,rapid_fire
9101,user122,True,rapid_fire
9102,user123,False,
9103,user123,False,
9104,user123,False,
9105,user123,False,
9106,user123,False,
9107,user123,False,
9108,user123,False,
9109,user123,False,
9110,user123,False,
9111,user123,False,
9112,user123,False,
9113,user123,False,
9114,user123,False,
9115,user123,False,
9116,user123,False,
9117,user123,False,
9118,user123,False,
9119,user123,False,
9120,user123,False,
9121,user123,False,
9122,user123,False,
9123,user123,False,
9124,user123,False,
9125,user123,False,
9126,user123,False,
9127,user123,False,
9128,user123,False,
9129,user123,False,
9130,user123,False,
9131,user123,False,
9132,user123,False,
9133,user123,False,
9134,user123,False,
9135,user123,False,
9136,user123,False,
9137,user123,False,
9138,user123,False,
9139,user123,False,
9140,user123,False,
9141,user123,False,
9142,user123,False,
9143,user123,False,
9144,user123,False,
9145,user123,False,
9146,user123,False,
9147,user123,False,
9148,user123,False,
9149,user123,False,
9150,user123,True,impossible_travel_geo
9151,user123,True,unusual_hour
9152,user123,True,unusual_location
9153,user123,True,unusual_device
9154,user123,True,unusual_device
9155,user123,True,unusual_device+unusual_location
9156,user123,True,unusual_device+unusual_location
9157,user124,False,
9158,user124,False,
9159,user124,False,
9160,user124,False,
9161,user124,False,
9162,user124,False,
9163,user124,False,
9164,user124,False,
9165,user124,False,
9166,user124,False,
9167,user124,False,
9168,user124,False,
9169,user124,False,
9170,user124,False,
9171,user124,False,
9172,user124,False,
9173,user124,False,
9174,user124,False,
9175,user124,False,
9176,user124,False,
9177,user124,False,
9178,user124,False,
9179,user124,False,
9180,user124,False,
9181,user124,False,
9182,user124,False,
9183,user124,False,
9184,user124,False,
9185,user124,False,
9186,user124,False,
9187,user124,False,
9188,user124,True,dormant_reactivation
9189,user124,True,unusual_hour
9190,user124,True,unusual_location
9191,user124,True,unusual_location
9192,user124,True,unusual_device
9193,user124,True,unusual_device+unusual_location
9194,user124,True,unusual_hour+unusual_location
9195,user124,False,
9196,user124,True,rapid_fire
9197,user124,True,rapid_fire
9198,user125,False,
9199,user125,False,
9200,user125,False,
9201,user125,False,
9202,user125,False,
9203,user125,False,
9204,user125,False,
9205,user125,False,
9206,user125,False,
9207,user125,False,
9208,user125,False,
9209,user125,False,
9210,user125,False,
9211,user125,False,
9212,user125,False,
9213,user125,False,
9214,user125,False,
9215,user125,False,
9216,user125,False,
9217,user125,False,
9218,user125,False,
9219,user125,False,
9220,user125,False,
9221,user125,False,
9222,user125,False,
9223,user125,False,
9224,user125,False,
9225,user125,False,
9226,user125,False,
9227,user125,False,
9228,user125,False,
9229,user125,False,
9230,user125,True,impossible_travel_geo
9231,user125,True,unusual_hour
9232,user125,True,unusual_hour
9233,user125,True,unusual_location
9234,user125,True,unusual_device
9235,user125,True,unusual_device+unusual_location
9236,user125,False,
9237,user125,True,rapid_fire
9238,user125,True,rapid_fire
9239,user126,False,
9240,user126,False,
9241,user126,False,
9242,user126,False,
9243,user126,False,
9244,user126,False,
9245,user126,False,
9246,user126,False,
9247,user126,False,
9248,user126,False,
9249,user126,False,
9250,user126,False,
9251,user126,False,
9252,user126,False,
9253,user126,False,
9254,user126,False,
9255,user126,False,
9256,user126,False,
9257,user126,False,
9258,user126,False,
9259,user126,False,
9260,user126,False,
9261,user126,False,
9262,user126,False,
9263,user126,False,
9264,user126,False,
9265,user126,False,
9266,user126,False,
9267,user126,False,
9268,user126,False,
9269,user126,False,
9270,user126,True,impossible_travel_geo
9271,user126,True,unusual_hour
9272,user126,True,unusual_hour
9273,user126,True,unusual_location
9274,user126,True,unusual_device
9275,user126,True,unusual_device
9276,user126,True,unusual_hour+unusual_location
9277,user126,True,unusual_device+unusual_location
9278,user127,False,
9279,user127,False,
9280,user127,False,
9281,user127,False,
9282,user127,False,
9283,user127,False,
9284,user127,False,
9285,user127,False,
9286,user127,False,
9287,user127,False,
9288,user127,False,
9289,user127,False,
9290,user127,False,
9291,user127,False,
9292,user127,False,
9293,user127,False,
9294,user127,False,
9295,user127,False,
9296,user127,False,
9297,user127,False,
9298,user127,False,
9299,user127,False,
9300,user127,False,
9301,user127,False,
9302,user127,False,
9303,user127,False,
9304,user127,False,
9305,user127,False,
9306,user127,False,
9307,user127,False,
9308,user127,False,
9309,user127,False,
9310,user127,False,
9311,user127,False,
9312,user127,False,
9313,user127,False,
9314,user127,False,
9315,user127,False,
9316,user127,False,
9317,user127,False,
9318,user127,False,
9319,user127,False,
9320,user127,False,
9321,user127,False,
9322,user127,False,
9323,user127,False,
9324,user127,False,
9325,user127,False,
9326,user127,False,
9327,user127,False,
9328,user127,False,
9329,user127,False,
9330,user127,False,
9331,user127,False,
9332,user127,False,
9333,user127,True,impossible_travel_geo
9334,user127,True,unusual_hour
9335,user127,True,unusual_location
9336,user127,True,unusual_device
9337,user127,True,unusual_device
9338,user127,True,unusual_device+unusual_hour
9339,user127,True,unusual_hour+unusual_location
9340,user127,False,
9341,user127,True,rapid_fire
9342,user127,True,rapid_fire
9343,user127,True,rapid_fire
9344,user128,False,
9345,user128,False,
9346,user128,False,
9347,user128,False,
9348,user128,False,
9349,user128,False,
9350,user128,False,
9351,user128,False,
9352,user128,False,
9353,user128,False,
9354,user128,False,
9355,user128,False,
9356,user128,False,
9357,user128,False,
9358,user128,False,
9359,user128,False,
9360,user128,False,
9361,user128,False,
9362,user128,False,
9363,user128,False,
9364,user128,False,
9365,user128,False,
9366,user128,False,
9367,user128,False,
9368,user128,False,
9369,user128,False,
9370,user128,False,
9371,user128,False,
9372,user128,False,
9373,user128,False,
9374,user128,False,
9375,user128,False,
9376,user128,False,
9377,user128,False,
9378,user128,False,
9379,user128,False,
9380,user128,False,
9381,user128,False,
9382,user128,False,
9383,user128,False,
9384,user128,False,
9385,user128,False,
9386,user128,False,
9387,user128,False,
9388,user128,False,
9389,user128,False,
9390,user128,False,
9391,user128,False,
9392,user128,False,
9393,user128,False,
9394,user128,False,
9395,user128,False,
9396,user128,False,
9397,user128,False,
9398,user128,True,unusual_hour
9399,user128,True,unusual_hour
9400,user128,True,unusual_location
9401,user128,True,unusual_device
9402,user128,True,unusual_device
9403,user128,True,unusual_device+unusual_location
9404,user128,True,unusual_device+unusual_hour
9405,user129,False,
9406,user129,False,
9407,user129,False,
9408,user129,False,
9409,user129,False,
9410,user129,False,
9411,user129,False,
9412,user129,False,
9413,user129,False,
9414,user129,False,
9415,user129,False,
9416,user129,False,
9417,user129,False,
9418,user129,False,
9419,user129,False,
9420,user129,False,
9421,user129,False,
9422,user129,False,
9423,user129,False,
9424,user129,False,
9425,user129,False,
9426,user129,False,
9427,user129,False,
9428,user129,False,
9429,user129,False,
9430,user129,False,
9431,user129,False,
9432,user129,False,
9433,user129,False,
9434,user129,False,
9435,user129,True,dormant_reactivation
9436,user129,True,unusual_hour
9437,user129,True,unusual_hour
9438,user129,True,unusual_location
9439,user129,True,unusual_device
9440,user129,True,unusual_hour+unusual_location
9441,user130,False,
9442,user130,False,
9443,user130,False,
9444,user130,False,
9445,user130,False,
9446,user130,False,
9447,user130,False,
9448,user130,False,
9449,user130,False,
9450,user130,False,
9451,user130,False,
9452,user130,False,
9453,user130,False,
9454,user130,False,
9455,user130,False,
9456,user130,False,
9457,user130,False,
9458,user130,False,
9459,user130,False,
9460,user130,False,
9461,user130,False,
9462,user130,False,
9463,user130,False,
9464,user130,False,
9465,user130,True,dormant_reactivation
9466,user130,True,unusual_hour
9467,user130,True,unusual_hour
9468,user130,True,unusual_location
9469,user130,True,unusual_location
9470,user130,True,unusual_device
9471,user130,True,unusual_device
9472,user130,True,unusual_device+unusual_location
9473,user130,True,unusual_hour+unusual_location
9474,user130,False,
9475,user130,True,rapid_fire
9476,user130,True,rapid_fire
9477,user131,False,
9478,user131,False,
9479,user131,False,
9480,user131,False,
9481,user131,False,
9482,user131,False,
9483,user131,False,
9484,user131,False,
9485,user131,False,
9486,user131,False,
9487,user131,False,
9488,user131,False,
9489,user131,False,
9490,user131,False,
9491,user131,False,
9492,user131,False,
9493,user131,False,
9494,user131,False,
9495,user131,False,
9496,user131,False,
9497,user131,False,
9498,user131,False,
9499,user131,True,dormant_reactivation
9500,user131,True,unusual_hour
9501,user131,True,unusual_location
9502,user131,True,unusual_device
9503,user131,True,unusual_device+unusual_location
9504,user131,True,unusual_device+unusual_location
9505,user132,False,
9506,user132,False,
9507,user132,False,
9508,user132,False,
9509,user132,False,
9510,user132,False,
9511,user132,False,
9512,user132,False,
9513,user132,False,
9514,user132,False,
9515,user132,False,
9516,user132,False,
9517,user132,False,
9518,user132,False,
9519,user132,False,
9520,user132,False,
9521,user132,False,
9522,user132,False,
9523,user132,False,
9524,user132,False,
9525,user132,False,
9526,user132,False,
9527,user132,False,
9528,user132,False,
9529,user132,False,
9530,user132,False,
9531,user132,False,
9532,user132,False,
9533,user132,False,
9534,user132,False,
9535,user132,False,
9536,user132,False,
9537,user132,False,
9538,user132,False,
9539,user132,False,
9540,user132,False,
9541,user132,False,
9542,user132,False,
9543,user132,False,
9544,user132,True,unusual_hour
9545,user132,True,unusual_hour
9546,user132,True,unusual_location
9547,user132,True,unusual_device
9548,user132,True,unusual_device
9549,user132,True,unusual_device+unusual_hour
9550,user132,True,unusual_device+unusual_hour
9551,user133,False,
9552,user133,False,
9553,user133,False,
9554,user133,False,
9555,user133,False,
9556,user133,False,
9557,user133,False,
9558,user133,False,
9559,user133,False,
9560,user133,False,
9561,user133,False,
9562,user133,False,
9563,user133,False,
9564,user133,False,
9565,user133,False,
9566,user133,False,
9567,user133,False,
9568,user133,False,
9569,user133,False,
9570,user133,False,
9571,user133,False,
9572,user133,False,
9573,user133,False,
9574,user133,False,
9575,user133,False,
9576,user133,False,
9577,user133,False,
9578,user133,False,
9579,user133,False,
9580,user133,False,
9581,user133,False,
9582,user133,False,
9583,user133,False,
9584,user133,False,
9585,user133,False,
9586,user133,False,
9587,user133,False,
9588,user133,False,
9589,user133,False,
9590,user133,False,
9591,user133,False,
9592,user133,False,
9593,user133,False,
9594,user133,False,
9595,user133,False,
9596,user133,False,
9597,user133,False,
9598,user133,False,
9599,user133,False,
9600,user133,True,impossible_travel_geo
9601,user133,True,unusual_hour
9602,user133,True,unusual_hour
9603,user133,True,unusual_location
9604,user133,True,unusual_location
9605,user133,True,unusual_device
9606,user133,True,unusual_device+unusual_hour
9607,user133,True,unusual_device+unusual_location
9608,user134,False,
9609,user134,False,
9610,user134,False,
9611,user134,False,
9612,user134,False,
9613,user134,False,
9614,user134,False,
9615,user134,False,
9616,user134,False,
9617,user134,False,
9618,user134,False,
9619,user134,False,
9620,user134,False,
9621,user134,False,
9622,user134,False,
9623,user134,False,
9624,user134,False,
9625,user134,False,
9626,user134,False,
9627,user134,False,
9628,user134,False,
9629,user134,False,
9630,user134,False,
9631,user134,False,
9632,user134,False,
9633,user134,False,
9634,user134,False,
9635,user134,False,
9636,user134,False,
9637,user134,False,
9638,user134,False,
9639,user134,False,
9640,user134,True,unusual_hour
9641,user134,True,unusual_hour
9642,user134,True,unusual_location
9643,user134,True,unusual_device
9644,user134,True,unusual_device
9645,user134,True,unusual_device+unusual_hour
9646,user134,True,unusual_hour+unusual_location
9647,user135,False,
9648,user135,False,
9649,user135,False,
9650,user135,False,
9651,user135,False,
9652,user135,False,
9653,user135,False,
9654,user135,False,
9655,user135,False,
9656,user135,False,
9657,user135,False,
9658,user135,False,
9659,user135,False,
9660,user135,False,
9661,user135,False,
9662,user135,False,
9663,user135,False,
9664,user135,False,
9665,user135,False,
9666,user135,False,
9667,user135,False,
9668,user135,False,
9669,user135,False,
9670,user135,False,
9671,user135,False,
9672,user135,False,
9673,user135,False,
9674,user135,False,
9675,user135,False,
9676,user135,False,
9677,user135,False,
9678,user135,False,
9679,user135,False,
9680,user135,False,
9681,user135,False,
9682,user135,False,
9683,user135,False,
9684,user135,True,impossible_travel_geo
9685,user135,True,unusual_hour
9686,user135,True,unusual_location
9687,user135,True,unusual_location
9688,user135,True,unusual_device
9689,user135,True,unusual_device
9690,user135,True,unusual_device+unusual_hour
9691,user135,False,
9692,user135,True,rapid_fire
9693,user135,True,rapid_fire
9694,user136,False,
9695,user136,False,
9696,user136,False,
9697,user136,False,
9698,user136,False,
9699,user136,False,
9700,user136,False,
9701,user136,False,
9702,user136,False,
9703,user136,False,
9704,user136,False,
9705,user136,False,
9706,user136,False,
9707,user136,False,
9708,user136,False,
9709,user136,False,
9710,user136,False,
9711,user136,False,
9712,user136,False,
9713,user136,False,
9714,user136,False,
9715,user136,False,
9716,user136,False,
9717,user136,False,
9718,user136,False,
9719,user136,False,
9720,user136,False,
9721,user136,False,
9722,user136,False,
9723,user136,True,dormant_reactivation
9724,user136,False,
9725,user136,True,impossible_travel_geo
9726,user136,True,unusual_hour
9727,user136,True,unusual_location
9728,user136,True,unusual_device
9729,user136,True,unusual_device
9730,user136,True,unusual_device+unusual_location
9731,user136,True,unusual_device+unusual_location
9732,user137,False,
9733,user137,False,
9734,user137,False,
9735,user137,False,
9736,user137,False,
9737,user137,False,
9738,user137,False,
9739,user137,False,
9740,user137,False,
9741,user137,False,
9742,user137,False,
9743,user137,False,
9744,user137,False,
9745,user137,False,
9746,user137,False,
9747,user137,False,
9748,user137,False,
9749,user137,False,
9750,user137,False,
9751,user137,False,
9752,user137,False,
9753,user137,False,
9754,user137,False,
9755,user137,False,
9756,user137,False,
9757,user137,False,
9758,user137,False,
9759,user137,False,
9760,user137,False,
9761,user137,False,
9762,user137,False,
9763,user137,False,
9764,user137,False,
9765,user137,False,
9766,user137,False,
9767,user137,False,
9768,user137,False,
9769,user137,False,
9770,user137,True,dormant_reactivation
9771,user137,True,unusual_hour
9772,user137,True,unusual_location
9773,user137,True,unusual_device
9774,user137,True,unusual_hour+unusual_location
9775,user137,True,unusual_hour+unusual_location
9776,user137,False,
9777,user137,True,rapid_fire
9778,user137,True,rapid_fire
9779,user137,True,rapid_fire
9780,user138,False,
9781,user138,False,
9782,user138,False,
9783,user138,False,
9784,user138,False,
9785,user138,False,
9786,user138,False,
9787,user138,False,
9788,user138,False,
9789,user138,False,
9790,user138,False,
9791,user138,False,
9792,user138,False,
9793,user138,False,
9794,user138,False,
9795,user138,False,
9796,user138,False,
9797,user138,False,
9798,user138,False,
9799,user138,False,
9800,user138,False,
9801,user138,False,
9802,user138,False,
9803,user138,False,
9804,user138,False,
9805,user138,False,
9806,user138,False,
9807,user138,False,
9808,user138,False,
9809,user138,False,
9810,user138,False,
9811,user138,False,
9812,user138,False,
9813,user138,False,
9814,user138,False,
9815,user138,False,
9816,user138,False,
9817,user138,False,
9818,user138,False,
9819,user138,False,
9820,user138,True,unusual_hour
9821,user138,True,unusual_hour
9822,user138,True,unusual_location
9823,user138,True,unusual_location
9824,user138,True,unusual_device
9825,user138,True,unusual_device
9826,user138,True,unusual_hour+unusual_location
9827,user138,True,unusual_device+unusual_location
9828,user139,False,
9829,user139,False,
9830,user139,False,
9831,user139,False,
9832,user139,False,
9833,user139,False,
9834,user139,False,
9835,user139,False,
9836,user139,False,
9837,user139,False,
9838,user139,False,
9839,user139,False,
9840,user139,False,
9841,user139,False,
9842,user139,False,
9843,user139,False,
9844,user139,False,
9845,user139,False,
9846,user139,False,
9847,user139,False,
9848,user139,False,
9849,user139,False,
9850,user139,False,
9851,user139,False,
9852,user139,True,dormant_reactivation
9853,user139,False,
9854,user139,True,impossible_travel_geo
9855,user139,True,unusual_hour
9856,user139,True,unusual_location
9857,user139,True,unusual_device
9858,user139,True,unusual_hour+unusual_location
9859,user139,False,
9860,user139,True,rapid_fire
9861,user139,True,rapid_fire
9862,user139,True,rapid_fire
9863,user140,False,
9864,user140,False,
9865,user140,False,
9866,user140,False,
9867,user140,False,
9868,user140,False,
9869,user140,False,
9870,user140,False,
9871,user140,False,
9872,user140,False,
9873,user140,False,
9874,user140,False,
9875,user140,False,
9876,user140,False,
9877,user140,False,
9878,user140,False,
9879,user140,False,
9880,user140,False,
9881,user140,False,
9882,user140,False,
9883,user140,False,
9884,user140,False,
9885,user140,False,
9886,user140,False,
9887,user140,False,
9888,user140,False,
9889,user140,False,
9890,user140,False,
9891,user140,False,
9892,user140,False,
9893,user140,False,
9894,user140,False,
9895,user140,False,
9896,user140,False,
9897,user140,False,
9898,user140,False,
9899,user140,False,
9900,user140,False,
9901,user140,False,
9902,user140,False,
9903,user140,True,impossible_travel_geo
9904,user140,True,unusual_hour
9905,user140,True,unusual_hour
9906,user140,True,unusual_location
9907,user140,True,unusual_location
9908,user140,True,unusual_device
9909,user140,True,unusual_hour+unusual_location
9910,user140,True,unusual_hour+unusual_location
